--
-- PostgreSQL database dump
--

-- Dumped from database version 12.15 (Ubuntu 12.15-0ubuntu0.20.04.1)
-- Dumped by pg_dump version 12.15 (Ubuntu 12.15-0ubuntu0.20.04.1)

SET statement_timeout = 0;
SET lock_timeout = 0;
SET idle_in_transaction_session_timeout = 0;
SET client_encoding = 'UTF8';
SET standard_conforming_strings = on;
SELECT pg_catalog.set_config('search_path', '', false);
SET check_function_bodies = false;
SET xmloption = content;
SET client_min_messages = warning;
SET row_security = off;

--
-- Name: public; Type: SCHEMA; Schema: -; Owner: -
--

-- *not* creating schema, since initdb creates it


--
-- Name: btree_gin; Type: EXTENSION; Schema: -; Owner: -
--

CREATE EXTENSION IF NOT EXISTS btree_gin WITH SCHEMA public;


--
-- Name: EXTENSION btree_gin; Type: COMMENT; Schema: -; Owner: -
--

COMMENT ON EXTENSION btree_gin IS 'support for indexing common datatypes in GIN';


--
-- Name: btree_gist; Type: EXTENSION; Schema: -; Owner: -
--

CREATE EXTENSION IF NOT EXISTS btree_gist WITH SCHEMA public;


--
-- Name: EXTENSION btree_gist; Type: COMMENT; Schema: -; Owner: -
--

COMMENT ON EXTENSION btree_gist IS 'support for indexing common datatypes in GiST';


--
-- Name: citext; Type: EXTENSION; Schema: -; Owner: -
--

CREATE EXTENSION IF NOT EXISTS citext WITH SCHEMA public;


--
-- Name: EXTENSION citext; Type: COMMENT; Schema: -; Owner: -
--

COMMENT ON EXTENSION citext IS 'data type for case-insensitive character strings';


--
-- Name: cube; Type: EXTENSION; Schema: -; Owner: -
--

CREATE EXTENSION IF NOT EXISTS cube WITH SCHEMA public;


--
-- Name: EXTENSION cube; Type: COMMENT; Schema: -; Owner: -
--

COMMENT ON EXTENSION cube IS 'data type for multidimensional cubes';


--
-- Name: dblink; Type: EXTENSION; Schema: -; Owner: -
--

CREATE EXTENSION IF NOT EXISTS dblink WITH SCHEMA public;


--
-- Name: EXTENSION dblink; Type: COMMENT; Schema: -; Owner: -
--

COMMENT ON EXTENSION dblink IS 'connect to other PostgreSQL databases from within a database';


--
-- Name: dict_int; Type: EXTENSION; Schema: -; Owner: -
--

CREATE EXTENSION IF NOT EXISTS dict_int WITH SCHEMA public;


--
-- Name: EXTENSION dict_int; Type: COMMENT; Schema: -; Owner: -
--

COMMENT ON EXTENSION dict_int IS 'text search dictionary template for integers';


--
-- Name: dict_xsyn; Type: EXTENSION; Schema: -; Owner: -
--

CREATE EXTENSION IF NOT EXISTS dict_xsyn WITH SCHEMA public;


--
-- Name: EXTENSION dict_xsyn; Type: COMMENT; Schema: -; Owner: -
--

COMMENT ON EXTENSION dict_xsyn IS 'text search dictionary template for extended synonym processing';


--
-- Name: earthdistance; Type: EXTENSION; Schema: -; Owner: -
--

CREATE EXTENSION IF NOT EXISTS earthdistance WITH SCHEMA public;


--
-- Name: EXTENSION earthdistance; Type: COMMENT; Schema: -; Owner: -
--

COMMENT ON EXTENSION earthdistance IS 'calculate great-circle distances on the surface of the Earth';


--
-- Name: fuzzystrmatch; Type: EXTENSION; Schema: -; Owner: -
--

CREATE EXTENSION IF NOT EXISTS fuzzystrmatch WITH SCHEMA public;


--
-- Name: EXTENSION fuzzystrmatch; Type: COMMENT; Schema: -; Owner: -
--

COMMENT ON EXTENSION fuzzystrmatch IS 'determine similarities and distance between strings';


--
-- Name: hstore; Type: EXTENSION; Schema: -; Owner: -
--

CREATE EXTENSION IF NOT EXISTS hstore WITH SCHEMA public;


--
-- Name: EXTENSION hstore; Type: COMMENT; Schema: -; Owner: -
--

COMMENT ON EXTENSION hstore IS 'data type for storing sets of (key, value) pairs';


--
-- Name: intarray; Type: EXTENSION; Schema: -; Owner: -
--

CREATE EXTENSION IF NOT EXISTS intarray WITH SCHEMA public;


--
-- Name: EXTENSION intarray; Type: COMMENT; Schema: -; Owner: -
--

COMMENT ON EXTENSION intarray IS 'functions, operators, and index support for 1-D arrays of integers';


--
-- Name: ltree; Type: EXTENSION; Schema: -; Owner: -
--

CREATE EXTENSION IF NOT EXISTS ltree WITH SCHEMA public;


--
-- Name: EXTENSION ltree; Type: COMMENT; Schema: -; Owner: -
--

COMMENT ON EXTENSION ltree IS 'data type for hierarchical tree-like structures';


--
-- Name: pg_stat_statements; Type: EXTENSION; Schema: -; Owner: -
--

CREATE EXTENSION IF NOT EXISTS pg_stat_statements WITH SCHEMA public;


--
-- Name: EXTENSION pg_stat_statements; Type: COMMENT; Schema: -; Owner: -
--

COMMENT ON EXTENSION pg_stat_statements IS 'track planning and execution statistics of all SQL statements executed';


--
-- Name: pg_trgm; Type: EXTENSION; Schema: -; Owner: -
--

CREATE EXTENSION IF NOT EXISTS pg_trgm WITH SCHEMA public;


--
-- Name: EXTENSION pg_trgm; Type: COMMENT; Schema: -; Owner: -
--

COMMENT ON EXTENSION pg_trgm IS 'text similarity measurement and index searching based on trigrams';


--
-- Name: pgcrypto; Type: EXTENSION; Schema: -; Owner: -
--

CREATE EXTENSION IF NOT EXISTS pgcrypto WITH SCHEMA public;


--
-- Name: EXTENSION pgcrypto; Type: COMMENT; Schema: -; Owner: -
--

COMMENT ON EXTENSION pgcrypto IS 'cryptographic functions';


--
-- Name: pgrowlocks; Type: EXTENSION; Schema: -; Owner: -
--

CREATE EXTENSION IF NOT EXISTS pgrowlocks WITH SCHEMA public;


--
-- Name: EXTENSION pgrowlocks; Type: COMMENT; Schema: -; Owner: -
--

COMMENT ON EXTENSION pgrowlocks IS 'show row-level locking information';


--
-- Name: pgstattuple; Type: EXTENSION; Schema: -; Owner: -
--

CREATE EXTENSION IF NOT EXISTS pgstattuple WITH SCHEMA public;


--
-- Name: EXTENSION pgstattuple; Type: COMMENT; Schema: -; Owner: -
--

COMMENT ON EXTENSION pgstattuple IS 'show tuple-level statistics';


--
-- Name: tablefunc; Type: EXTENSION; Schema: -; Owner: -
--

CREATE EXTENSION IF NOT EXISTS tablefunc WITH SCHEMA public;


--
-- Name: EXTENSION tablefunc; Type: COMMENT; Schema: -; Owner: -
--

COMMENT ON EXTENSION tablefunc IS 'functions that manipulate whole tables, including crosstab';


--
-- Name: unaccent; Type: EXTENSION; Schema: -; Owner: -
--

CREATE EXTENSION IF NOT EXISTS unaccent WITH SCHEMA public;


--
-- Name: EXTENSION unaccent; Type: COMMENT; Schema: -; Owner: -
--

COMMENT ON EXTENSION unaccent IS 'text search dictionary that removes accents';


--
-- Name: uuid-ossp; Type: EXTENSION; Schema: -; Owner: -
--

CREATE EXTENSION IF NOT EXISTS "uuid-ossp" WITH SCHEMA public;


--
-- Name: EXTENSION "uuid-ossp"; Type: COMMENT; Schema: -; Owner: -
--

COMMENT ON EXTENSION "uuid-ossp" IS 'generate universally unique identifiers (UUIDs)';


--
-- Name: xml2; Type: EXTENSION; Schema: -; Owner: -
--

CREATE EXTENSION IF NOT EXISTS xml2 WITH SCHEMA public;


--
-- Name: EXTENSION xml2; Type: COMMENT; Schema: -; Owner: -
--

COMMENT ON EXTENSION xml2 IS 'XPath querying and XSLT';


SET default_tablespace = '';

SET default_table_access_method = heap;

--
-- Name: cakes; Type: TABLE; Schema: public; Owner: -
--

CREATE TABLE public.cakes (
    id integer NOT NULL,
    name character varying(100),
    price numeric,
    image character varying(1000),
    description text
);


--
-- Name: cakes_id_seq; Type: SEQUENCE; Schema: public; Owner: -
--

CREATE SEQUENCE public.cakes_id_seq
    AS integer
    START WITH 1
    INCREMENT BY 1
    NO MINVALUE
    NO MAXVALUE
    CACHE 1;


--
-- Name: cakes_id_seq; Type: SEQUENCE OWNED BY; Schema: public; Owner: -
--

ALTER SEQUENCE public.cakes_id_seq OWNED BY public.cakes.id;


--
-- Name: clients; Type: TABLE; Schema: public; Owner: -
--

CREATE TABLE public.clients (
    id integer NOT NULL,
    name character varying(100) NOT NULL,
    address character varying(256) NOT NULL,
    phone character varying(11),
    CONSTRAINT phone CHECK ((length((phone)::text) >= 10))
);


--
-- Name: clients_id_seq; Type: SEQUENCE; Schema: public; Owner: -
--

CREATE SEQUENCE public.clients_id_seq
    AS integer
    START WITH 1
    INCREMENT BY 1
    NO MINVALUE
    NO MAXVALUE
    CACHE 1;


--
-- Name: clients_id_seq; Type: SEQUENCE OWNED BY; Schema: public; Owner: -
--

ALTER SEQUENCE public.clients_id_seq OWNED BY public.clients.id;


--
-- Name: orders; Type: TABLE; Schema: public; Owner: -
--

CREATE TABLE public.orders (
    id integer NOT NULL,
    "clientId" integer,
    "cakeId" integer,
    quantity integer,
    "createdAt" timestamp without time zone DEFAULT now(),
    "totalPrice" numeric,
    CONSTRAINT quantity CHECK (((quantity > 0) AND (quantity < 5)))
);


--
-- Name: orders_id_seq; Type: SEQUENCE; Schema: public; Owner: -
--

CREATE SEQUENCE public.orders_id_seq
    AS integer
    START WITH 1
    INCREMENT BY 1
    NO MINVALUE
    NO MAXVALUE
    CACHE 1;


--
-- Name: orders_id_seq; Type: SEQUENCE OWNED BY; Schema: public; Owner: -
--

ALTER SEQUENCE public.orders_id_seq OWNED BY public.orders.id;


--
-- Name: cakes id; Type: DEFAULT; Schema: public; Owner: -
--

ALTER TABLE ONLY public.cakes ALTER COLUMN id SET DEFAULT nextval('public.cakes_id_seq'::regclass);


--
-- Name: clients id; Type: DEFAULT; Schema: public; Owner: -
--

ALTER TABLE ONLY public.clients ALTER COLUMN id SET DEFAULT nextval('public.clients_id_seq'::regclass);


--
-- Name: orders id; Type: DEFAULT; Schema: public; Owner: -
--

ALTER TABLE ONLY public.orders ALTER COLUMN id SET DEFAULT nextval('public.orders_id_seq'::regclass);


--
-- Data for Name: cakes; Type: TABLE DATA; Schema: public; Owner: -
--

INSERT INTO public.cakes VALUES (2, 'bolinho', 2, 'htts://algumsitedereceitasinistro.com.br', 'bolinho');
INSERT INTO public.cakes VALUES (11, 'bolo', 25, 'htts://algumsitedereceitasinistro.com.br', 'bolinho ');
INSERT INTO public.cakes VALUES (12, 'bolo de forma ', 25.45, 'htts://algumsitedereceitasinistro.com.br', 'bolinho ');
INSERT INTO public.cakes VALUES (13, 'bolinho de queijo ', 2, 'htts://algumsitedereceitasinistro.com.br', 'bolinho ');


--
-- Data for Name: clients; Type: TABLE DATA; Schema: public; Owner: -
--

INSERT INTO public.clients VALUES (8, 'Rafael', 'Rua Jorgin,202,Algum Lugar,Rio de Janeiro-RJ,Brasil', '01234567890');
INSERT INTO public.clients VALUES (9, 'Rafael', 'Rua Jorgin,202,Algum Lugar,Rio de Janeiro-RJ,Brasil', '01234567890');
INSERT INTO public.clients VALUES (10, 'Rafael', 'Rua Jorgin,202,Algum Lugar,Rio de Janeiro-RJ,Brasil', '01234567890');
INSERT INTO public.clients VALUES (11, 'Rafael', 'Rua Jorgin,202,Algum Lugar,Rio de Janeiro-RJ,Brasil', '01234567890');


--
-- Data for Name: orders; Type: TABLE DATA; Schema: public; Owner: -
--

INSERT INTO public.orders VALUES (5, 8, 2, 2, '2023-10-19 22:11:27.844773', 26);
INSERT INTO public.orders VALUES (6, 9, 2, 2, '2023-10-19 22:11:45.31164', 26);
INSERT INTO public.orders VALUES (7, 10, 2, 2, '2023-10-19 22:11:52.29473', 26);
INSERT INTO public.orders VALUES (10, 10, 2, 2, '2023-10-19 22:12:10.815758', 26);
INSERT INTO public.orders VALUES (11, 10, 2, 2, '2023-10-19 22:12:57.125734', NULL);
INSERT INTO public.orders VALUES (12, 10, 12, 2, '2023-10-19 22:13:33.674191', NULL);


--
-- Name: cakes_id_seq; Type: SEQUENCE SET; Schema: public; Owner: -
--

SELECT pg_catalog.setval('public.cakes_id_seq', 13, true);


--
-- Name: clients_id_seq; Type: SEQUENCE SET; Schema: public; Owner: -
--

SELECT pg_catalog.setval('public.clients_id_seq', 11, true);


--
-- Name: orders_id_seq; Type: SEQUENCE SET; Schema: public; Owner: -
--

SELECT pg_catalog.setval('public.orders_id_seq', 12, true);


--
-- Name: cakes cakes_pkey; Type: CONSTRAINT; Schema: public; Owner: -
--

ALTER TABLE ONLY public.cakes
    ADD CONSTRAINT cakes_pkey PRIMARY KEY (id);


--
-- Name: clients clients_pkey; Type: CONSTRAINT; Schema: public; Owner: -
--

ALTER TABLE ONLY public.clients
    ADD CONSTRAINT clients_pkey PRIMARY KEY (id);


--
-- Name: cakes name; Type: CONSTRAINT; Schema: public; Owner: -
--

ALTER TABLE ONLY public.cakes
    ADD CONSTRAINT name UNIQUE (name);


--
-- Name: orders orders_pkey; Type: CONSTRAINT; Schema: public; Owner: -
--

ALTER TABLE ONLY public.orders
    ADD CONSTRAINT orders_pkey PRIMARY KEY (id);


--
-- Name: orders cakeId; Type: FK CONSTRAINT; Schema: public; Owner: -
--

ALTER TABLE ONLY public.orders
    ADD CONSTRAINT "cakeId" FOREIGN KEY ("cakeId") REFERENCES public.cakes(id);


--
-- Name: orders clientId; Type: FK CONSTRAINT; Schema: public; Owner: -
--

ALTER TABLE ONLY public.orders
    ADD CONSTRAINT "clientId" FOREIGN KEY ("clientId") REFERENCES public.clients(id);


--
-- Name: SCHEMA public; Type: ACL; Schema: -; Owner: -
--

REVOKE USAGE ON SCHEMA public FROM PUBLIC;
GRANT ALL ON SCHEMA public TO PUBLIC;


--
-- PostgreSQL database dump complete
--
